home or away;goals scored;goals conceded;result;date;team;current points;matchday;current total goals scored;current total goals conceded;referee;home team shots;home team shots on target;home team fouls;home team corners;home team yellow cards;home team red cards;away team shots;away team shots on target;away team fouls;away team corners;away team yellow cards;away team red cards;weekday
h;4;1;w;09.08.2019 20:00;Liverpool;3;1;4;1;M Oliver;15;7;9;11;0;0;12;5;9;2;2;0;Fri
a;1;4;l;09.08.2019 20:00;Norwich;0;1;1;4;M Oliver;15;7;9;11;0;0;12;5;9;2;2;0;Fri
a;5;0;w;10.08.2019 12:30;Man City;3;1;5;0;M Dean;5;3;6;1;2;0;14;9;13;1;2;0;Sat
h;0;5;l;10.08.2019 12:30;West Ham;0;1;0;5;M Dean;5;3;6;1;2;0;14;9;13;1;2;0;Sat
h;1;1;d;10.08.2019 15:00;Bournemouth;1;1;1;1;K Friend;13;3;10;3;2;0;8;3;19;4;1;0;Sat
a;3;0;w;10.08.2019 15:00;Brighton;3;1;3;0;C Pawson;11;3;15;5;0;0;5;3;11;2;1;0;Sat
h;3;0;w;10.08.2019 15:00;Burnley;3;1;3;0;G Scott;10;4;6;2;0;0;11;3;12;7;0;0;Sat
h;0;0;d;10.08.2019 15:00;Crystal Palace;1;1;0;0;J Moss;6;2;16;6;2;0;10;3;14;2;1;1;Sat
a;0;0;d;10.08.2019 15:00;Everton;1;1;0;0;J Moss;6;2;16;6;2;0;10;3;14;2;1;1;Sat
a;1;1;d;10.08.2019 15:00;Sheffield United;1;1;1;1;K Friend;13;3;10;3;2;0;8;3;19;4;1;0;Sat
a;0;3;l;10.08.2019 15:00;Southampton;0;1;0;3;G Scott;10;4;6;2;0;0;11;3;12;7;0;0;Sat
h;0;3;l;10.08.2019 15:00;Watford;0;1;0;3;C Pawson;11;3;15;5;0;0;5;3;11;2;1;0;Sat
a;1;3;l;10.08.2019 17:30;Aston Villa;0;1;1;3;C Kavanagh;31;7;13;14;1;0;7;4;9;0;0;0;Sat
h;3;1;w;10.08.2019 17:30;Tottenham;3;1;3;1;C Kavanagh;31;7;13;14;1;0;7;4;9;0;0;0;Sat
a;1;0;w;11.08.2019 14:00;Arsenal;3;1;1;0;M Atkinson;9;2;12;5;1;0;8;2;7;3;3;0;Sun
h;0;0;d;11.08.2019 14:00;Leicester;1;1;0;0;A Marriner;15;1;3;12;0;0;8;2;13;3;2;0;Sun
h;0;1;l;11.08.2019 14:00;Newcastle United;0;1;0;1;M Atkinson;9;2;12;5;1;0;8;2;7;3;3;0;Sun
a;0;0;d;11.08.2019 14:00;Wolves;1;1;0;0;A Marriner;15;1;3;12;0;0;8;2;13;3;2;0;Sun
a;0;4;l;11.08.2019 16:30;Chelsea;0;1;0;4;A Taylor;11;5;15;3;3;0;18;7;13;5;4;0;Sun
h;4;0;w;11.08.2019 16:30;Man Utd;3;1;4;0;A Taylor;11;5;15;3;3;0;18;7;13;5;4;0;Sun
h;2;1;w;17.08.2019 12:30;Arsenal;6;2;3;1;M Dean;16;9;13;10;2;0;18;5;11;7;1;0;Sat
a;1;2;l;17.08.2019 12:30;Burnley;3;2;4;2;M Dean;16;9;13;10;2;0;18;5;11;7;1;0;Sat
h;1;2;l;17.08.2019 15:00;Aston Villa;0;2;2;5;M Atkinson;22;7;10;10;0;0;12;4;13;5;2;0;Sat
a;2;1;w;17.08.2019 15:00;Bournemouth;4;2;3;2;M Atkinson;22;7;10;10;0;0;12;4;13;5;2;0;Sat
h;1;1;d;17.08.2019 15:00;Brighton;4;2;4;1;A Taylor;16;4;11;8;0;0;8;3;10;6;2;0;Sat
h;1;0;w;17.08.2019 15:00;Everton;4;2;1;0;L Mason;12;2;11;4;2;0;8;2;11;7;3;0;Sat
a;2;1;w;17.08.2019 15:00;Liverpool;6;2;6;2;A Marriner;14;3;10;5;2;0;15;6;6;9;1;0;Sat
a;1;3;l;17.08.2019 15:00;Newcastle United;0;2;1;4;S Attwell;15;8;9;7;1;0;10;3;11;5;3;0;Sat
h;3;1;w;17.08.2019 15:00;Norwich;3;2;4;5;S Attwell;15;8;9;7;1;0;10;3;11;5;3;0;Sat
h;1;2;l;17.08.2019 15:00;Southampton;0;2;1;5;A Marriner;14;3;10;5;2;0;15;6;6;9;1;0;Sat
a;0;1;l;17.08.2019 15:00;Watford;0;2;0;4;L Mason;12;2;11;4;2;0;8;2;11;7;3;0;Sat
a;1;1;d;17.08.2019 15:00;West Ham;1;2;1;6;A Taylor;16;4;11;8;0;0;8;3;10;6;2;0;Sat
h;2;2;d;17.08.2019 17:30;Man City;4;2;7;2;M Oliver;30;10;14;13;1;0;3;2;4;2;0;0;Sat
a;2;2;d;17.08.2019 17:30;Tottenham;4;2;5;3;M Oliver;30;10;14;13;1;0;3;2;4;2;0;0;Sat
a;0;1;l;18.08.2019 14:00;Crystal Palace;1;2;0;1;D Coote;15;3;16;8;3;0;6;4;11;4;1;0;Sun
h;1;0;w;18.08.2019 14:00;Sheffield United;4;2;2;1;D Coote;15;3;16;8;3;0;6;4;11;4;1;0;Sun
h;1;1;d;18.08.2019 16:30;Chelsea;1;2;1;5;O Langford;14;5;9;4;1;0;12;3;14;5;0;0;Sun
a;1;1;d;18.08.2019 16:30;Leicester;2;2;1;1;O Langford;14;5;9;4;1;0;12;3;14;5;0;0;Sun
a;1;1;d;19.08.2019 20:00;Man Utd;4;2;5;1;J Moss;6;2;17;4;2;0;9;2;8;6;2;0;Mon
h;1;1;d;19.08.2019 20:00;Wolves;2;2;1;1;J Moss;6;2;17;4;2;0;9;2;8;6;2;0;Mon
h;2;0;w;23.08.2019 20:00;Aston Villa;3;3;4;5;M Oliver;7;3;10;0;2;0;12;1;18;6;3;0;Fri
a;0;2;l;23.08.2019 20:00;Everton;4;3;1;2;M Oliver;7;3;10;0;2;0;12;1;18;6;3;0;Fri
a;3;2;w;24.08.2019 12:30;Chelsea;4;3;4;7;M Atkinson;6;5;9;1;1;0;23;8;9;8;1;0;Sat
h;2;3;l;24.08.2019 12:30;Norwich;3;3;6;8;M Atkinson;6;5;9;1;1;0;23;8;9;8;1;0;Sat
h;0;2;l;24.08.2019 15:00;Brighton;4;3;4;3;K Friend;12;3;9;8;1;1;12;4;10;5;3;0;Sat
a;2;1;w;24.08.2019 15:00;Crystal Palace;4;3;2;2;P Tierney;22;3;8;8;2;0;5;3;18;1;4;0;Sat
a;2;1;w;24.08.2019 15:00;Leicester;5;3;3;2;A Madley;8;3;11;7;1;0;10;2;6;4;0;0;Sat
h;1;2;l;24.08.2019 15:00;Man Utd;4;3;6;3;P Tierney;22;3;8;8;2;0;5;3;18;1;4;0;Sat
h;1;2;l;24.08.2019 15:00;Sheffield United;4;3;3;3;A Madley;8;3;11;7;1;0;10;2;6;4;0;0;Sat
a;2;0;w;24.08.2019 15:00;Southampton;3;3;3;5;K Friend;12;3;9;8;1;1;12;4;10;5;3;0;Sat
h;1;3;l;24.08.2019 15:00;Watford;0;3;1;7;C Kavanagh;23;3;12;8;1;0;16;10;11;7;1;0;Sat
a;3;1;w;24.08.2019 15:00;West Ham;4;3;4;7;C Kavanagh;23;3;12;8;1;0;16;10;11;7;1;0;Sat
a;1;3;l;24.08.2019 17:30;Arsenal;6;3;4;4;A Taylor;25;5;8;6;1;0;9;3;5;4;1;0;Sat
h;3;1;w;24.08.2019 17:30;Liverpool;9;3;9;3;A Taylor;25;5;8;6;1;0;9;3;5;4;1;0;Sat
h;1;3;l;25.08.2019 14:00;Bournemouth;4;3;4;5;A Marriner;10;7;7;4;1;0;19;5;13;5;3;0;Sun
a;3;1;w;25.08.2019 14:00;Man City;7;3;10;3;A Marriner;10;7;7;4;1;0;19;5;13;5;3;0;Sun
a;1;1;d;25.08.2019 16:30;Burnley;4;3;5;3;C Pawson;17;2;9;4;0;0;13;4;11;3;2;0;Sun
a;1;0;w;25.08.2019 16:30;Newcastle United;3;3;2;4;M Dean;17;2;10;6;2;0;8;3;5;6;2;0;Sun
h;0;1;l;25.08.2019 16:30;Tottenham;4;3;5;4;M Dean;17;2;10;6;2;0;8;3;5;6;2;0;Sun
h;1;1;d;25.08.2019 16:30;Wolves;3;3;2;2;C Pawson;17;2;9;4;0;0;13;4;11;3;2;0;Sun
a;1;1;d;31.08.2019 12:30;Man Utd;5;4;7;4;M Dean;10;2;17;2;1;1;21;8;7;3;2;0;Sat
h;1;1;d;31.08.2019 12:30;Southampton;4;4;4;6;M Dean;10;2;17;2;1;1;21;8;7;3;2;0;Sat
a;0;1;l;31.08.2019 15:00;Aston Villa;3;4;4;6;K Friend;22;5;15;13;2;0;10;2;16;2;4;1;Sat
a;1;3;l;31.08.2019 15:00;Bournemouth;4;4;5;8;P Bankes;13;5;9;4;1;0;8;2;11;5;3;0;Sat
a;0;4;l;31.08.2019 15:00;Brighton;4;4;4;7;J Moss;15;6;10;8;1;0;6;2;6;1;1;0;Sat
h;2;2;d;31.08.2019 15:00;Chelsea;5;4;6;9;S Attwell;13;5;6;3;0;0;8;2;11;4;1;0;Sat
h;1;0;w;31.08.2019 15:00;Crystal Palace;7;4;3;2;K Friend;22;5;15;13;2;0;10;2;16;2;4;1;Sat
h;3;1;w;31.08.2019 15:00;Leicester;8;4;6;3;P Bankes;13;5;9;4;1;0;8;2;11;5;3;0;Sat
h;4;0;w;31.08.2019 15:00;Man City;10;4;14;3;J Moss;15;6;10;8;1;0;6;2;6;1;1;0;Sat
h;1;1;d;31.08.2019 15:00;Newcastle United;4;4;3;5;G Scott;13;5;5;6;2;0;13;3;11;5;3;0;Sat
a;0;2;l;31.08.2019 15:00;Norwich;3;4;6;10;P Tierney;18;8;16;8;2;0;8;3;10;2;1;0;Sat
a;2;2;d;31.08.2019 15:00;Sheffield United;5;4;5;5;S Attwell;13;5;6;3;0;0;8;2;11;4;1;0;Sat
a;1;1;d;31.08.2019 15:00;Watford;1;4;2;8;G Scott;13;5;5;6;2;0;13;3;11;5;3;0;Sat
h;2;0;w;31.08.2019 15:00;West Ham;7;4;6;7;P Tierney;18;8;16;8;2;0;8;3;10;2;1;0;Sat
h;0;3;l;31.08.2019 17:30;Burnley;4;4;5;6;C Kavanagh;7;2;10;6;0;0;15;7;16;4;0;0;Sat
a;3;0;w;31.08.2019 17:30;Liverpool;12;4;12;3;C Kavanagh;7;2;10;6;0;0;15;7;16;4;0;0;Sat
h;3;2;w;01.09.2019 14:00;Everton;7;4;4;4;A Taylor;15;6;12;7;1;0;8;5;12;7;4;1;Sun
a;2;3;l;01.09.2019 14:00;Wolves;3;4;4;5;A Taylor;15;6;12;7;1;0;8;5;12;7;4;1;Sun
h;2;2;d;01.09.2019 16:30;Arsenal;7;4;6;6;M Atkinson;26;8;13;11;3;0;13;9;19;6;5;0;Sun
a;2;2;d;01.09.2019 16:30;Tottenham;5;4;7;6;M Atkinson;26;8;13;11;3;0;13;9;19;6;5;0;Sun
h;3;1;w;14.09.2019 12:30;Liverpool;15;5;15;4;A Marriner;21;9;5;10;0;0;8;1;4;1;0;0;Sat
a;1;3;l;14.09.2019 12:30;Newcastle United;4;5;4;8;A Marriner;21;9;5;10;0;0;8;1;4;1;0;0;Sat
h;1;1;d;14.09.2019 15:00;Brighton;5;5;5;8;M Oliver;14;5;13;3;0;0;7;1;7;6;2;0;Sat
a;1;1;d;14.09.2019 15:00;Burnley;5;5;6;7;M Oliver;14;5;13;3;0;0;7;1;7;6;2;0;Sat
a;5;2;w;14.09.2019 15:00;Chelsea;8;5;11;11;G Scott;11;4;8;7;1;0;15;6;11;5;2;0;Sat
a;0;4;l;14.09.2019 15:00;Crystal Palace;7;5;3;6;C Pawson;13;5;19;4;4;0;11;6;11;3;2;0;Sat
a;0;1;l;14.09.2019 15:00;Leicester;8;5;6;4;M Atkinson;10;5;14;3;1;0;9;3;14;9;2;0;Sat
h;1;0;w;14.09.2019 15:00;Man Utd;8;5;8;4;M Atkinson;10;5;14;3;1;0;9;3;14;9;2;0;Sat
h;0;1;l;14.09.2019 15:00;Sheffield United;5;5;5;6;L Mason;17;4;10;12;1;1;11;7;7;6;1;0;Sat
a;1;0;w;14.09.2019 15:00;Southampton;7;5;5;6;L Mason;17;4;10;12;1;1;11;7;7;6;1;0;Sat
h;4;0;w;14.09.2019 15:00;Tottenham;8;5;11;6;C Pawson;13;5;19;4;4;0;11;6;11;3;2;0;Sat
h;2;5;l;14.09.2019 15:00;Wolves;3;5;6;10;G Scott;11;4;8;7;1;0;15;6;11;5;2;0;Sat
a;2;3;l;14.09.2019 17:30;Man City;10;5;16;6;K Friend;7;3;8;3;3;0;25;8;7;16;1;0;Sat
h;3;2;w;14.09.2019 17:30;Norwich;6;5;9;12;K Friend;7;3;8;3;3;0;25;8;7;16;1;0;Sat
h;3;1;w;15.09.2019 14:00;Bournemouth;7;5;8;9;P Tierney;13;6;5;7;0;0;14;5;14;7;4;0;Sun
a;1;3;l;15.09.2019 14:00;Everton;7;5;5;7;P Tierney;13;6;5;7;0;0;14;5;14;7;4;0;Sun
a;2;2;d;15.09.2019 16:30;Arsenal;8;5;8;8;A Taylor;31;7;14;7;3;0;10;4;4;1;3;0;Sun
h;2;2;d;15.09.2019 16:30;Watford;2;5;4;10;A Taylor;31;7;14;7;3;0;10;4;4;1;3;0;Sun
h;0;0;d;16.09.2019 20:00;Aston Villa;4;5;4;6;M Dean;10;5;13;2;2;0;13;1;12;4;1;1;Mon
a;0;0;d;16.09.2019 20:00;West Ham;8;5;6;7;M Dean;10;5;13;2;2;0;13;1;12;4;1;1;Mon
a;3;1;w;20.09.2019 20:00;Bournemouth;10;6;11;10;C Kavanagh;25;6;8;4;1;0;6;3;9;5;3;0;Fri
h;1;3;l;20.09.2019 20:00;Southampton;7;6;6;9;C Kavanagh;25;6;8;4;1;0;6;3;9;5;3;0;Fri
h;2;1;w;21.09.2019 12:30;Leicester;11;6;8;5;P Tierney;16;7;16;8;1;0;11;4;13;2;2;0;Sat
a;1;2;l;21.09.2019 12:30;Tottenham;8;6;12;8;P Tierney;16;7;16;8;1;0;11;4;13;2;2;0;Sat
h;2;0;w;21.09.2019 15:00;Burnley;8;6;8;7;D Coote;13;6;11;7;0;0;11;2;10;3;1;0;Sat
h;0;2;l;21.09.2019 15:00;Everton;7;6;5;9;S Hooper;16;3;9;12;1;0;2;1;9;3;3;0;Sat
h;8;0;w;21.09.2019 15:00;Man City;13;6;24;6;M Dean;28;11;5;5;2;0;5;4;9;4;2;0;Sat
a;0;2;l;21.09.2019 15:00;Norwich;6;6;9;14;D Coote;13;6;11;7;0;0;11;2;10;3;1;0;Sat
a;2;0;w;21.09.2019 15:00;Sheffield United;8;6;7;6;S Hooper;16;3;9;12;1;0;2;1;9;3;3;0;Sat
a;0;8;l;21.09.2019 15:00;Watford;2;6;4;18;M Dean;28;11;5;5;2;0;5;4;9;4;2;0;Sat
a;0;0;d;21.09.2019 17:30;Brighton;6;6;5;8;M Atkinson;11;4;12;5;2;0;16;3;8;3;1;0;Sat
h;0;0;d;21.09.2019 17:30;Newcastle United;5;6;4;8;M Atkinson;11;4;12;5;2;0;16;3;8;3;1;0;Sat
h;1;1;d;22.09.2019 14:00;Crystal Palace;8;6;4;7;S Attwell;13;4;7;6;2;0;14;4;10;7;1;1;Sun
a;0;2;l;22.09.2019 14:00;Man Utd;8;6;8;6;A Taylor;8;6;8;3;2;0;9;3;9;7;2;0;Sun
h;2;0;w;22.09.2019 14:00;West Ham;11;6;8;7;A Taylor;8;6;8;3;2;0;9;3;9;7;2;0;Sun
a;1;1;d;22.09.2019 14:00;Wolves;4;6;7;11;S Attwell;13;4;7;6;2;0;14;4;10;7;1;1;Sun
h;3;2;w;22.09.2019 16:30;Arsenal;11;6;11;10;J Moss;21;6;13;9;5;1;14;9;15;4;1;0;Sun
a;2;3;l;22.09.2019 16:30;Aston Villa;4;6;6;9;J Moss;21;6;13;9;5;1;14;9;15;4;1;0;Sun
h;1;2;l;22.09.2019 16:30;Chelsea;8;6;12;13;M Oliver;13;2;8;6;3;0;6;3;13;4;3;0;Sun
a;2;1;w;22.09.2019 16:30;Liverpool;18;6;17;5;M Oliver;13;2;8;6;3;0;6;3;13;4;3;0;Sun
a;1;0;w;28.09.2019 12:30;Liverpool;21;7;18;5;A Taylor;12;2;8;6;1;0;16;4;4;5;1;0;Sat
h;0;1;l;28.09.2019 12:30;Sheffield United;8;7;7;7;A Taylor;12;2;8;6;1;0;16;4;4;5;1;0;Sat
h;2;2;d;28.09.2019 15:00;Aston Villa;5;7;8;11;L Mason;16;3;10;7;1;0;10;3;16;3;4;0;Sat
h;2;2;d;28.09.2019 15:00;Bournemouth;11;7;13;12;S Attwell;13;5;7;6;3;0;17;6;8;6;1;0;Sat
a;0;2;l;28.09.2019 15:00;Brighton;6;7;5;10;C Kavanagh;24;10;5;5;2;0;8;1;13;2;3;0;Sat
a;2;2;d;28.09.2019 15:00;Burnley;9;7;10;9;L Mason;16;3;10;7;1;0;10;3;16;3;4;0;Sat
h;2;0;w;28.09.2019 15:00;Chelsea;11;7;14;13;C Kavanagh;24;10;5;5;2;0;8;1;13;2;3;0;Sat
h;2;0;w;28.09.2019 15:00;Crystal Palace;11;7;6;7;J Moss;15;3;14;5;3;0;10;3;10;5;1;0;Sat
a;0;2;l;28.09.2019 15:00;Norwich;6;7;9;16;J Moss;15;3;14;5;3;0;10;3;10;5;1;0;Sat
a;1;2;l;28.09.2019 15:00;Southampton;7;7;7;11;G Scott;9;4;5;6;0;1;14;6;16;6;2;0;Sat
h;2;1;w;28.09.2019 15:00;Tottenham;11;7;14;9;G Scott;9;4;5;6;0;1;14;6;16;6;2;0;Sat
a;0;2;l;28.09.2019 15:00;Watford;2;7;4;20;P Tierney;6;2;5;1;0;0;14;5;6;6;1;0;Sat
a;2;2;d;28.09.2019 15:00;West Ham;12;7;10;9;S Attwell;13;5;7;6;3;0;17;6;8;6;1;0;Sat
h;2;0;w;28.09.2019 15:00;Wolves;7;7;9;11;P Tierney;6;2;5;1;0;0;14;5;6;6;1;0;Sat
h;1;3;l;28.09.2019 17:30;Everton;7;7;6;12;M Oliver;12;8;4;5;2;0;20;9;8;2;2;0;Sat
a;3;1;w;28.09.2019 17:30;Man City;16;7;27;7;M Oliver;12;8;4;5;2;0;20;9;8;2;2;0;Sat
h;5;0;w;29.09.2019 16:30;Leicester;14;7;13;5;C Pawson;13;5;12;9;1;0;3;0;9;0;1;1;Sun
a;0;5;l;29.09.2019 16:30;Newcastle United;5;7;4;13;C Pawson;13;5;12;9;1;0;3;0;9;0;1;1;Sun
a;1;1;d;30.09.2019 20:00;Arsenal;12;7;12;11;K Friend;16;4;18;8;4;0;10;5;13;7;2;0;Mon
h;1;1;d;30.09.2019 20:00;Man Utd;9;7;9;7;K Friend;16;4;18;8;4;0;10;5;13;7;2;0;Mon
h;3;0;w;05.10.2019 12:30;Brighton;9;8;8;10;J Moss;17;6;11;4;2;0;8;3;7;4;1;0;Sat
a;0;3;l;05.10.2019 12:30;Tottenham;11;8;14;12;J Moss;17;6;11;4;2;0;8;3;7;4;1;0;Sat
a;5;1;w;05.10.2019 15:00;Aston Villa;8;8;13;12;A Madley;21;5;14;10;1;0;22;12;17;6;3;0;Sat
h;1;0;w;05.10.2019 15:00;Burnley;12;8;11;9;G Scott;9;3;5;7;2;0;11;2;12;9;1;1;Sat
a;0;1;l;05.10.2019 15:00;Everton;7;8;6;13;G Scott;9;3;5;7;2;0;11;2;12;9;1;1;Sat
a;1;2;l;05.10.2019 15:00;Leicester;14;8;14;7;C Kavanagh;18;8;9;4;1;0;2;1;17;6;4;0;Sat
h;2;1;w;05.10.2019 15:00;Liverpool;24;8;20;6;C Kavanagh;18;8;9;4;1;0;2;1;17;6;4;0;Sat
h;1;5;l;05.10.2019 15:00;Norwich;6;8;10;21;A Madley;21;5;14;10;1;0;22;12;17;6;3;0;Sat
a;0;0;d;05.10.2019 15:00;Sheffield United;9;8;7;7;A Marriner;8;2;7;7;0;0;9;3;6;7;2;0;Sat
h;0;0;d;05.10.2019 15:00;Watford;3;8;4;20;A Marriner;8;2;7;7;0;0;9;3;6;7;2;0;Sat
a;2;1;w;05.10.2019 17:30;Crystal Palace;14;8;8;8;M Oliver;9;4;11;2;3;0;7;4;7;2;2;0;Sat
h;1;2;l;05.10.2019 17:30;West Ham;12;8;11;11;M Oliver;9;4;11;2;3;0;7;4;7;2;2;0;Sat
h;1;0;w;06.10.2019 14:00;Arsenal;15;8;13;11;M Atkinson;12;2;12;14;1;0;10;2;6;5;2;0;Sun
a;0;1;l;06.10.2019 14:00;Bournemouth;11;8;13;13;M Atkinson;12;2;12;14;1;0;10;2;6;5;2;0;Sun
a;4;1;w;06.10.2019 14:00;Chelsea;14;8;18;14;P Tierney;10;3;8;3;0;0;13;7;15;4;1;0;Sun
h;0;2;l;06.10.2019 14:00;Man City;16;8;27;9;C Pawson;18;2;11;9;5;0;7;2;14;1;2;0;Sun
h;1;4;l;06.10.2019 14:00;Southampton;7;8;8;15;P Tierney;10;3;8;3;0;0;13;7;15;4;1;0;Sun
a;2;0;w;06.10.2019 14:00;Wolves;10;8;11;11;C Pawson;18;2;11;9;5;0;7;2;14;1;2;0;Sun
a;0;1;l;06.10.2019 16:30;Man Utd;9;8;9;8;M Dean;12;2;12;4;3;0;12;3;10;6;3;0;Sun
h;1;0;w;06.10.2019 16:30;Newcastle United;8;8;5;13;M Dean;12;2;12;4;3;0;12;3;10;6;3;0;Sun
h;2;0;w;19.10.2019 12:30;Everton;10;9;8;13;P Tierney;19;10;15;11;2;0;8;4;15;2;2;0;Sat
a;0;2;l;19.10.2019 12:30;West Ham;12;9;11;13;P Tierney;19;10;15;11;2;0;8;4;15;2;2;0;Sat
h;2;1;w;19.10.2019 15:00;Aston Villa;11;9;15;13;D Coote;24;8;9;7;1;0;20;5;17;5;2;1;Sat
h;0;0;d;19.10.2019 15:00;Bournemouth;12;9;13;13;L Mason;11;2;8;6;1;0;10;1;11;7;3;0;Sat
a;1;2;l;19.10.2019 15:00;Brighton;9;9;9;12;D Coote;24;8;9;7;1;0;20;5;17;5;2;1;Sat
a;1;2;l;19.10.2019 15:00;Burnley;12;9;12;11;J Moss;19;3;4;9;0;0;13;4;10;4;3;0;Sat
h;1;0;w;19.10.2019 15:00;Chelsea;17;9;19;14;A Marriner;16;8;9;11;2;0;5;0;12;0;1;0;Sat
h;2;1;w;19.10.2019 15:00;Leicester;17;9;16;8;J Moss;19;3;4;9;0;0;13;4;10;4;3;0;Sat
a;0;1;l;19.10.2019 15:00;Newcastle United;8;9;5;14;A Marriner;16;8;9;11;2;0;5;0;12;0;1;0;Sat
a;0;0;d;19.10.2019 15:00;Norwich;7;9;10;21;L Mason;11;2;8;6;1;0;10;1;11;7;3;0;Sat
a;1;1;d;19.10.2019 15:00;Southampton;8;9;9;16;P Bankes;4;1;10;1;3;0;14;5;17;3;2;0;Sat
h;1;1;d;19.10.2019 15:00;Tottenham;12;9;15;13;C Kavanagh;12;2;5;11;4;0;7;2;9;2;3;0;Sat
a;1;1;d;19.10.2019 15:00;Watford;4;9;5;21;C Kavanagh;12;2;5;11;4;0;7;2;9;2;3;0;Sat
h;1;1;d;19.10.2019 15:00;Wolves;11;9;12;12;P Bankes;4;1;10;1;3;0;14;5;17;3;2;0;Sat
h;0;2;l;19.10.2019 17:30;Crystal Palace;14;9;8;10;A Taylor;7;2;8;1;1;0;21;10;10;8;1;0;Sat
a;2;0;w;19.10.2019 17:30;Man City;19;9;29;9;A Taylor;7;2;8;1;1;0;21;10;10;8;1;0;Sat
a;1;1;d;20.10.2019 16:30;Liverpool;25;9;21;7;M Atkinson;7;2;6;3;0;0;10;4;14;1;1;0;Sun
h;1;1;d;20.10.2019 16:30;Man Utd;10;9;10;9;M Atkinson;7;2;6;3;0;0;10;4;14;1;1;0;Sun
a;0;1;l;21.10.2019 20:00;Arsenal;15;9;13;12;M Dean;8;2;10;7;4;0;9;3;12;12;4;0;Mon
h;1;0;w;21.10.2019 20:00;Sheffield United;12;9;8;7;M Dean;8;2;10;7;4;0;9;3;12;12;4;0;Mon
a;9;0;w;25.10.2019 20:00;Leicester;20;10;25;8;A Marriner;6;3;3;2;0;1;25;15;12;7;0;0;Fri
h;0;9;l;25.10.2019 20:00;Southampton;8;10;9;25;A Marriner;6;3;3;2;0;1;25;15;12;7;0;0;Fri
a;0;3;l;26.10.2019 12:30;Aston Villa;11;10;15;16;G Scott;25;9;10;13;1;1;11;5;5;7;1;0;Sat
h;3;0;w;26.10.2019 12:30;Man City;22;10;32;9;G Scott;25;9;10;13;1;1;11;5;5;7;1;0;Sat
a;0;0;d;26.10.2019 15:00;Bournemouth;13;10;13;13;M Dean;7;3;14;5;5;0;15;5;8;10;3;0;Sat
h;3;2;w;26.10.2019 15:00;Brighton;12;10;12;14;A Madley;8;4;12;0;2;0;10;6;12;5;1;0;Sat
a;2;3;l;26.10.2019 15:00;Everton;10;10;10;16;A Madley;8;4;12;0;2;0;10;6;12;5;1;0;Sat
a;1;1;d;26.10.2019 15:00;Sheffield United;13;10;9;8;D Coote;12;4;7;10;2;0;10;4;10;4;2;0;Sat
h;0;0;d;26.10.2019 15:00;Watford;5;10;5;21;M Dean;7;3;14;5;5;0;15;5;8;10;3;0;Sat
h;1;1;d;26.10.2019 15:00;West Ham;13;10;12;14;D Coote;12;4;7;10;2;0;10;4;10;4;2;0;Sat
h;2;4;l;26.10.2019 17:30;Burnley;12;10;14;15;M Oliver;13;5;7;5;3;0;16;7;8;6;2;0;Sat
a;4;2;w;26.10.2019 17:30;Chelsea;20;10;23;16;M Oliver;13;5;7;5;3;0;16;7;8;6;2;0;Sat
h;1;1;d;27.10.2019 14:00;Newcastle United;9;10;6;15;K Friend;13;2;8;3;2;1;13;5;15;6;2;0;Sun
a;1;1;d;27.10.2019 14:00;Wolves;12;10;13;13;K Friend;13;2;8;3;2;1;13;5;15;6;2;0;Sun
h;2;2;d;27.10.2019 16:30;Arsenal;16;10;15;14;M Atkinson;15;6;18;12;2;0;10;4;9;5;0;0;Sun
a;2;2;d;27.10.2019 16:30;Crystal Palace;15;10;10;12;M Atkinson;15;6;18;12;2;0;10;4;9;5;0;0;Sun
h;2;1;w;27.10.2019 16:30;Liverpool;28;10;23;8;A Taylor;21;13;9;8;3;0;11;4;11;3;3;0;Sun
a;3;1;w;27.10.2019 16:30;Man Utd;13;10;13;10;S Attwell;10;3;13;1;2;0;21;11;10;10;2;0;Sun
h;1;3;l;27.10.2019 16:30;Norwich;7;10;11;24;S Attwell;10;3;13;1;2;0;21;11;10;10;2;0;Sun
a;1;2;l;27.10.2019 16:30;Tottenham;12;10;16;15;A Taylor;21;13;9;8;3;0;11;4;11;3;3;0;Sun
h;1;0;w;02.11.2019 12:30;Bournemouth;16;11;14;13;C Kavanagh;12;6;14;4;4;0;15;4;12;10;3;0;Sat
a;0;1;l;02.11.2019 12:30;Man Utd;13;11;13;11;C Kavanagh;12;6;14;4;4;0;15;4;12;10;3;0;Sat
h;1;1;d;02.11.2019 15:00;Arsenal;17;11;16;15;M Oliver;10;4;6;8;0;0;25;8;15;9;2;0;Sat
h;1;2;l;02.11.2019 15:00;Aston Villa;11;11;16;18;J Moss;5;2;12;2;1;0;25;6;9;10;2;0;Sat
h;2;0;w;02.11.2019 15:00;Brighton;15;11;14;14;K Friend;21;5;11;8;0;0;7;0;8;3;1;0;Sat
a;0;3;l;02.11.2019 15:00;Burnley;12;11;14;18;S Hooper;13;6;8;7;1;0;6;0;12;6;2;0;Sat
a;2;1;w;02.11.2019 15:00;Liverpool;31;11;25;9;J Moss;5;2;12;2;1;0;25;6;9;10;2;0;Sat
h;2;1;w;02.11.2019 15:00;Man City;25;11;34;10;L Mason;26;4;11;17;3;0;3;3;10;0;1;0;Sat
a;3;2;w;02.11.2019 15:00;Newcastle United;12;11;9;17;S Attwell;16;6;10;7;2;0;12;9;7;3;1;0;Sat
a;0;2;l;02.11.2019 15:00;Norwich;7;11;11;26;K Friend;21;5;11;8;0;0;7;0;8;3;1;0;Sat
h;3;0;w;02.11.2019 15:00;Sheffield United;16;11;12;8;S Hooper;13;6;8;7;1;0;6;0;12;6;2;0;Sat
a;1;2;l;02.11.2019 15:00;Southampton;8;11;10;27;L Mason;26;4;11;17;3;0;3;3;10;0;1;0;Sat
h;2;3;l;02.11.2019 15:00;West Ham;13;11;14;17;S Attwell;16;6;10;7;2;0;12;9;7;3;1;0;Sat
a;1;1;d;02.11.2019 15:00;Wolves;13;11;14;14;M Oliver;10;4;6;8;0;0;25;8;15;9;2;0;Sat
a;2;1;w;02.11.2019 17:30;Chelsea;23;11;25;17;A Taylor;12;3;8;1;4;0;16;10;5;6;2;0;Sat
h;1;2;l;02.11.2019 17:30;Watford;5;11;6;23;A Taylor;12;3;8;1;4;0;16;10;5;6;2;0;Sat
h;0;2;l;03.11.2019 14:00;Crystal Palace;15;11;10;14;P Tierney;12;3;15;5;2;0;14;5;16;6;2;0;Sun
a;2;0;w;03.11.2019 14:00;Leicester;23;11;27;8;P Tierney;12;3;15;5;2;0;14;5;16;6;2;0;Sun
h;1;1;d;03.11.2019 16:30;Everton;11;11;11;17;M Atkinson;7;3;9;5;1;0;4;2;8;2;2;1;Sun
a;1;1;d;03.11.2019 16:30;Tottenham;13;11;17;16;M Atkinson;7;3;9;5;1;0;4;2;8;2;2;1;Sun
h;0;2;l;08.11.2019 20:00;Norwich;7;12;11;28;A Marriner;17;5;7;10;1;0;12;2;13;4;2;1;Fri
a;2;0;w;08.11.2019 20:00;Watford;8;12;8;23;A Marriner;17;5;7;10;1;0;12;2;13;4;2;1;Fri
h;2;0;w;09.11.2019 12:30;Chelsea;26;12;27;17;M Dean;23;5;9;7;3;0;3;1;17;0;2;0;Sat
a;0;2;l;09.11.2019 12:30;Crystal Palace;15;12;10;16;M Dean;23;5;9;7;3;0;3;1;17;0;2;0;Sat
a;1;2;l;09.11.2019 15:00;Bournemouth;16;12;15;15;M Atkinson;20;9;10;5;2;0;16;3;5;4;0;0;Sat
h;3;0;w;09.11.2019 15:00;Burnley;15;12;17;18;K Friend;14;12;17;11;2;0;7;4;10;4;1;0;Sat
a;2;1;w;09.11.2019 15:00;Everton;14;12;13;18;P Tierney;4;3;12;5;1;0;24;5;12;9;1;0;Sat
h;2;1;w;09.11.2019 15:00;Newcastle United;15;12;11;18;M Atkinson;20;9;10;5;2;0;16;3;5;4;0;0;Sat
a;1;1;d;09.11.2019 15:00;Sheffield United;17;12;13;9;G Scott;17;5;6;4;2;0;14;4;9;4;2;0;Sat
h;1;2;l;09.11.2019 15:00;Southampton;8;12;11;29;P Tierney;4;3;12;5;1;0;24;5;12;9;1;0;Sat
h;1;1;d;09.11.2019 15:00;Tottenham;14;12;18;17;G Scott;17;5;6;4;2;0;14;4;9;4;2;0;Sat
a;0;3;l;09.11.2019 15:00;West Ham;13;12;14;20;K Friend;14;12;17;11;2;0;7;4;10;4;1;0;Sat
a;0;2;l;09.11.2019 17:30;Arsenal;17;12;16;17;C Kavanagh;19;7;10;5;1;0;8;1;10;4;1;0;Sat
h;2;0;w;09.11.2019 17:30;Leicester;26;12;29;8;C Kavanagh;19;7;10;5;1;0;8;1;10;4;1;0;Sat
a;1;2;l;10.11.2019 14:00;Aston Villa;11;12;17;20;A Taylor;17;5;17;6;4;0;13;4;8;3;3;0;Sun
a;1;3;l;10.11.2019 14:00;Brighton;15;12;15;17;J Moss;21;11;10;5;2;0;6;2;14;2;5;0;Sun
h;3;1;w;10.11.2019 14:00;Man Utd;16;12;16;12;J Moss;21;11;10;5;2;0;6;2;14;2;5;0;Sun
h;2;1;w;10.11.2019 14:00;Wolves;16;12;16;15;A Taylor;17;5;17;6;4;0;13;4;8;3;3;0;Sun
h;3;1;w;10.11.2019 16:30;Liverpool;34;12;28;10;M Oliver;12;5;10;4;0;0;18;3;5;13;2;0;Sun
a;1;3;l;10.11.2019 16:30;Man City;25;12;35;13;M Oliver;12;5;10;4;0;0;18;3;5;13;2;0;Sun
a;3;2;w;23.11.2019 12:30;Tottenham;17;13;21;19;M Oliver;11;4;12;3;3;0;15;6;14;7;2;0;Sat
h;2;3;l;23.11.2019 12:30;West Ham;13;13;16;23;M Oliver;11;4;12;3;3;0;15;6;14;7;2;0;Sat
h;2;2;d;23.11.2019 15:00;Arsenal;18;13;18;19;S Attwell;12;5;13;6;6;0;21;6;19;8;2;0;Sat
h;1;2;l;23.11.2019 15:00;Bournemouth;16;13;16;17;S Hooper;9;2;10;5;2;1;17;7;12;9;1;0;Sat
h;0;2;l;23.11.2019 15:00;Brighton;15;13;15;19;M Dean;7;0;9;6;2;0;19;9;1;7;0;0;Sat
a;3;0;w;23.11.2019 15:00;Burnley;18;13;20;18;P Tierney;15;4;14;7;0;0;11;5;13;5;3;0;Sat
h;1;2;l;23.11.2019 15:00;Crystal Palace;15;13;11;18;K Friend;16;6;8;9;0;0;12;4;7;8;1;0;Sat
h;0;2;l;23.11.2019 15:00;Everton;14;13;13;20;A Taylor;18;7;12;7;3;0;13;5;11;7;5;0;Sat
a;2;0;w;23.11.2019 15:00;Leicester;29;13;31;8;M Dean;7;0;9;6;2;0;19;9;1;7;0;0;Sat
a;2;1;w;23.11.2019 15:00;Liverpool;37;13;30;11;K Friend;16;6;8;9;0;0;12;4;7;8;1;0;Sat
a;2;0;w;23.11.2019 15:00;Norwich;10;13;13;28;A Taylor;18;7;12;7;3;0;13;5;11;7;5;0;Sat
a;2;2;d;23.11.2019 15:00;Southampton;9;13;13;31;S Attwell;12;5;13;6;6;0;21;6;19;8;2;0;Sat
h;0;3;l;23.11.2019 15:00;Watford;8;13;8;26;P Tierney;15;4;14;7;0;0;11;5;13;5;3;0;Sat
a;2;1;w;23.11.2019 15:00;Wolves;19;13;18;16;S Hooper;9;2;10;5;2;1;17;7;12;9;1;0;Sat
a;1;2;l;23.11.2019 17:30;Chelsea;26;13;28;19;M Atkinson;15;4;5;8;1;0;11;2;9;2;1;0;Sat
h;2;1;w;23.11.2019 17:30;Man City;28;13;37;14;M Atkinson;15;4;5;8;1;0;11;2;9;2;1;0;Sat
a;3;3;d;24.11.2019 16:30;Man Utd;17;13;19;15;A Marriner;12;8;13;6;1;0;11;5;10;3;2;0;Sun
h;3;3;d;24.11.2019 16:30;Sheffield United;18;13;16;12;A Marriner;12;8;13;6;1;0;11;5;10;3;2;0;Sun
h;2;0;w;25.11.2019 20:00;Aston Villa;14;13;19;20;L Mason;17;8;10;11;1;0;11;5;9;6;1;0;Mon
a;0;2;l;25.11.2019 20:00;Newcastle United;15;13;11;20;L Mason;17;8;10;11;1;0;11;5;9;6;1;0;Mon
a;2;2;d;30.11.2019 12:30;Man City;29;14;39;16;C Kavanagh;6;3;4;1;1;0;24;9;6;10;2;0;Sat
h;2;2;d;30.11.2019 12:30;Newcastle United;16;14;13;22;C Kavanagh;6;3;4;1;1;0;24;9;6;10;2;0;Sat
a;2;3;l;30.11.2019 15:00;Bournemouth;16;14;18;20;L Mason;15;5;10;4;0;0;20;6;12;8;2;0;Sat
a;1;2;l;30.11.2019 15:00;Brighton;15;14;16;21;M Atkinson;15;7;3;4;0;1;12;5;10;5;0;0;Sat
h;0;2;l;30.11.2019 15:00;Burnley;18;14;20;20;P Bankes;15;4;13;5;2;0;7;2;10;6;0;0;Sat
h;0;1;l;30.11.2019 15:00;Chelsea;26;14;28;20;J Moss;19;6;0;9;0;0;5;4;16;3;3;0;Sat
a;2;0;w;30.11.2019 15:00;Crystal Palace;18;14;13;18;P Bankes;15;4;13;5;2;0;7;2;10;6;0;0;Sat
h;2;1;w;30.11.2019 15:00;Liverpool;40;14;32;12;M Atkinson;15;7;3;4;0;1;12;5;10;5;0;0;Sat
h;3;2;w;30.11.2019 15:00;Tottenham;20;14;24;21;L Mason;15;5;10;4;0;0;20;6;12;8;2;0;Sat
a;1;0;w;30.11.2019 15:00;West Ham;16;14;17;23;J Moss;19;6;0;9;0;0;5;4;16;3;3;0;Sat
h;2;1;w;30.11.2019 17:30;Southampton;12;14;15;32;M Oliver;11;6;6;6;1;0;6;3;10;7;0;0;Sat
a;1;2;l;30.11.2019 17:30;Watford;8;14;9;28;M Oliver;11;6;6;6;1;0;6;3;10;7;0;0;Sat
a;2;2;d;01.12.2019 14:00;Arsenal;19;14;20;21;P Tierney;15;8;8;7;2;0;16;7;10;12;1;0;Sun
h;2;2;d;01.12.2019 14:00;Norwich;11;14;15;30;P Tierney;15;8;8;7;2;0;16;7;10;12;1;0;Sun
a;1;1;d;01.12.2019 14:00;Sheffield United;19;14;17;13;D Coote;13;3;12;7;1;0;9;4;18;2;4;0;Sun
h;1;1;d;01.12.2019 14:00;Wolves;20;14;19;17;D Coote;13;3;12;7;1;0;9;4;18;2;4;0;Sun
a;2;2;d;01.12.2019 16:30;Aston Villa;15;14;21;22;C Pawson;16;6;16;9;4;0;9;3;8;9;1;0;Sun
a;1;2;l;01.12.2019 16:30;Everton;14;14;14;22;G Scott;16;6;7;4;0;0;11;3;9;4;1;0;Sun
h;2;1;w;01.12.2019 16:30;Leicester;32;14;33;9;G Scott;16;6;7;4;0;0;11;3;9;4;1;0;Sun
h;2;2;d;01.12.2019 16:30;Man Utd;18;14;21;17;C Pawson;16;6;16;9;4;0;9;3;8;9;1;0;Sun
a;0;1;l;03.12.2019 19:30;Bournemouth;16;15;18;21;A Taylor;7;2;6;6;3;1;6;3;15;9;3;0;Tue
h;1;0;w;03.12.2019 19:30;Crystal Palace;21;15;14;18;A Taylor;7;2;6;6;3;1;6;3;15;9;3;0;Tue
h;1;4;l;03.12.2019 20:15;Burnley;18;15;21;24;J Moss;4;2;9;3;1;0;17;8;6;6;1;0;Tue
a;4;1;w;03.12.2019 20:15;Man City;32;15;43;17;J Moss;4;2;9;3;1;0;17;8;6;6;1;0;Tue
a;1;2;l;04.12.2019 19:30;Aston Villa;15;15;22;24;C Kavanagh;25;9;18;9;2;0;9;3;10;5;1;0;Wed
h;2;1;w;04.12.2019 19:30;Chelsea;29;15;30;21;C Kavanagh;25;9;18;9;2;0;9;3;10;5;1;0;Wed
h;2;0;w;04.12.2019 19:30;Leicester;35;15;35;9;C Pawson;12;6;13;7;3;0;4;1;16;2;2;0;Wed
h;2;1;w;04.12.2019 19:30;Man Utd;21;15;23;18;P Tierney;12;7;9;4;0;0;8;5;9;3;1;0;Wed
a;1;2;l;04.12.2019 19:30;Norwich;11;15;16;32;K Friend;14;5;12;6;1;0;10;3;7;1;1;0;Wed
h;2;1;w;04.12.2019 19:30;Southampton;15;15;17;33;K Friend;14;5;12;6;1;0;10;3;7;1;1;0;Wed
a;1;2;l;04.12.2019 19:30;Tottenham;20;15;25;23;P Tierney;12;7;9;4;0;0;8;5;9;3;1;0;Wed
a;0;2;l;04.12.2019 19:30;Watford;8;15;9;30;C Pawson;12;6;13;7;3;0;4;1;16;2;2;0;Wed
a;0;2;l;04.12.2019 19:30;West Ham;16;15;17;25;A Marriner;13;7;8;5;1;0;6;3;9;4;2;0;Wed
h;2;0;w;04.12.2019 19:30;Wolves;23;15;21;17;A Marriner;13;7;8;5;1;0;6;3;9;4;2;0;Wed
a;2;5;l;04.12.2019 20:15;Everton;14;15;16;27;M Dean;11;5;13;5;1;0;12;4;17;6;2;0;Wed
h;5;2;w;04.12.2019 20:15;Liverpool;43;15;37;14;M Dean;11;5;13;5;1;0;12;4;17;6;2;0;Wed
a;2;0;w;05.12.2019 19:30;Newcastle United;19;15;15;22;S Attwell;13;6;10;8;2;0;6;4;6;1;0;0;Thu
h;0;2;l;05.12.2019 19:30;Sheffield United;19;15;17;15;S Attwell;13;6;10;8;2;0;6;4;6;1;0;0;Thu
h;1;2;l;05.12.2019 20:15;Arsenal;19;15;21;23;G Scott;12;5;10;9;3;0;20;9;11;9;1;0;Thu
a;2;1;w;05.12.2019 20:15;Brighton;18;15;18;22;G Scott;12;5;10;9;3;0;20;9;11;9;1;0;Thu
a;1;3;l;07.12.2019 12:30;Chelsea;29;16;31;24;C Pawson;13;7;14;1;3;0;15;4;9;5;0;0;Sat
h;3;1;w;07.12.2019 12:30;Everton;17;16;19;28;C Pawson;13;7;14;1;3;0;15;4;9;5;0;0;Sat
h;0;3;l;07.12.2019 15:00;Bournemouth;16;16;18;24;C Kavanagh;3;0;5;1;0;0;21;9;6;3;1;0;Sat
a;0;5;l;07.12.2019 15:00;Burnley;18;16;21;29;K Friend;13;7;12;1;1;0;7;1;8;1;1;0;Sat
a;0;0;d;07.12.2019 15:00;Crystal Palace;22;16;14;18;M Atkinson;13;3;15;6;4;0;3;0;16;2;2;0;Sat
a;3;0;w;07.12.2019 15:00;Liverpool;46;16;40;14;C Kavanagh;3;0;5;1;0;0;21;9;6;3;1;0;Sat
h;5;0;w;07.12.2019 15:00;Tottenham;23;16;30;23;K Friend;13;7;12;1;1;0;7;1;8;1;1;0;Sat
h;0;0;d;07.12.2019 15:00;Watford;9;16;9;30;M Atkinson;13;3;15;6;4;0;3;0;16;2;2;0;Sat
h;1;2;l;07.12.2019 17:30;Man City;32;16;44;19;A Taylor;22;5;10;16;3;0;11;7;10;3;2;0;Sat
a;2;1;w;07.12.2019 17:30;Man Utd;24;16;25;19;A Taylor;22;5;10;16;3;0;11;7;10;3;2;0;Sat
h;1;4;l;08.12.2019 14:00;Aston Villa;15;16;23;28;M Oliver;15;2;21;8;6;0;23;8;15;5;2;0;Sun
a;4;1;w;08.12.2019 14:00;Leicester;38;16;39;10;M Oliver;15;2;21;8;6;0;23;8;15;5;2;0;Sun
h;2;1;w;08.12.2019 14:00;Newcastle United;22;16;17;23;D Coote;12;6;11;3;1;0;19;4;17;12;3;0;Sun
h;1;2;l;08.12.2019 14:00;Norwich;11;16;17;34;S Hooper;14;4;6;9;0;0;9;3;12;1;4;0;Sun
a;2;1;w;08.12.2019 14:00;Sheffield United;22;16;19;16;S Hooper;14;4;6;9;0;0;9;3;12;1;4;0;Sun
a;1;2;l;08.12.2019 14:00;Southampton;15;16;18;35;D Coote;12;6;11;3;1;0;19;4;17;12;3;0;Sun
h;2;2;d;08.12.2019 16:30;Brighton;19;16;20;24;J Moss;13;4;10;3;3;0;13;5;7;4;0;0;Sun
a;2;2;d;08.12.2019 16:30;Wolves;24;16;23;19;J Moss;13;4;10;3;3;0;13;5;7;4;0;0;Sun
a;3;1;w;09.12.2019 20:00;Arsenal;22;16;24;24;M Dean;11;4;12;4;2;0;10;3;6;3;0;0;Mon
h;1;3;l;09.12.2019 20:00;West Ham;16;16;18;28;M Dean;11;4;12;4;2;0;10;3;6;3;0;0;Mon
h;2;0;w;14.12.2019 12:30;Liverpool;49;17;42;14;A Marriner;16;6;8;6;2;0;8;2;6;3;1;0;Sat
a;0;2;l;14.12.2019 12:30;Watford;9;17;9;32;A Marriner;16;6;8;6;2;0;8;2;6;3;1;0;Sat
a;0;2;l;14.12.2019 15:00;Aston Villa;15;17;23;30;P Bankes;7;3;10;3;2;0;8;0;9;2;2;0;Sat
a;1;0;w;14.12.2019 15:00;Bournemouth;19;17;19;24;G Scott;18;5;9;9;1;0;11;2;14;4;2;0;Sat
h;1;0;w;14.12.2019 15:00;Burnley;21;17;22;29;T Robinson;7;4;15;4;0;0;9;0;12;3;2;0;Sat
h;0;1;l;14.12.2019 15:00;Chelsea;29;17;31;25;G Scott;18;5;9;9;1;0;11;2;14;4;2;0;Sat
h;1;1;d;14.12.2019 15:00;Leicester;39;17;40;11;A Madley;18;5;11;12;0;0;10;3;15;4;4;0;Sat
a;0;1;l;14.12.2019 15:00;Newcastle United;22;17;17;24;T Robinson;7;4;15;4;0;0;9;0;12;3;2;0;Sat
a;1;1;d;14.12.2019 15:00;Norwich;12;17;18;35;A Madley;18;5;11;12;0;0;10;3;15;4;4;0;Sat
h;2;0;w;14.12.2019 15:00;Sheffield United;25;17;21;16;P Bankes;7;3;10;3;2;0;8;0;9;2;2;0;Sat
h;0;1;l;14.12.2019 17:30;Southampton;15;17;18;36;M Atkinson;11;2;9;5;1;0;11;4;14;8;3;0;Sat
a;1;0;w;14.12.2019 17:30;West Ham;19;17;19;28;M Atkinson;11;2;9;5;1;0;11;4;14;8;3;0;Sat
a;1;1;d;15.12.2019 14:00;Everton;18;17;20;29;M Oliver;24;8;10;6;1;0;8;3;12;5;2;0;Sun
h;1;1;d;15.12.2019 14:00;Man Utd;25;17;26;20;M Oliver;24;8;10;6;1;0;8;3;12;5;2;0;Sun
a;2;1;w;15.12.2019 14:00;Tottenham;26;17;32;24;S Attwell;18;5;14;11;4;0;9;5;10;2;4;0;Sun
h;1;2;l;15.12.2019 14:00;Wolves;24;17;24;21;S Attwell;18;5;14;11;4;0;9;5;10;2;4;0;Sun
h;0;3;l;15.12.2019 16:30;Arsenal;22;17;24;27;P Tierney;6;1;9;3;1;0;14;7;24;3;4;0;Sun
a;3;0;w;15.12.2019 16:30;Man City;35;17;47;19;P Tierney;6;1;9;3;1;0;14;7;24;3;4;0;Sun
a;1;1;d;16.12.2019 19:45;Brighton;20;17;21;25;C Pawson;11;4;7;3;1;0;15;10;12;7;1;0;Mon
h;1;1;d;16.12.2019 19:45;Crystal Palace;23;17;15;19;C Pawson;11;4;7;3;1;0;15;10;12;7;1;0;Mon
a;0;0;d;21.12.2019 12:30;Arsenal;23;18;24;27;K Friend;9;0;10;5;2;0;6;2;11;4;3;0;Sat
h;0;0;d;21.12.2019 12:30;Everton;19;18;20;29;K Friend;9;0;10;5;2;0;6;2;11;4;3;0;Sat
h;1;3;l;21.12.2019 15:00;Aston Villa;15;18;24;33;C Pawson;19;6;16;7;2;0;17;8;15;5;1;0;Sat
h;0;1;l;21.12.2019 15:00;Bournemouth;19;18;19;25;M Atkinson;3;0;13;4;2;0;2;1;21;5;4;0;Sat
h;0;1;l;21.12.2019 15:00;Brighton;20;18;21;26;R Jones;9;2;6;4;1;0;7;2;11;3;3;0;Sat
a;1;0;w;21.12.2019 15:00;Burnley;24;18;23;29;M Atkinson;3;0;13;4;2;0;2;1;21;5;4;0;Sat
a;0;1;l;21.12.2019 15:00;Crystal Palace;23;18;15;20;S Hooper;8;3;12;4;2;0;16;4;11;5;0;0;Sat
h;1;0;w;21.12.2019 15:00;Newcastle United;25;18;18;24;S Hooper;8;3;12;4;2;0;16;4;11;5;0;0;Sat
h;1;2;l;21.12.2019 15:00;Norwich;12;18;19;37;P Bankes;13;7;7;3;2;0;14;4;14;11;4;0;Sat
a;1;0;w;21.12.2019 15:00;Sheffield United;28;18;22;16;R Jones;9;2;6;4;1;0;7;2;11;3;3;0;Sat
a;3;1;w;21.12.2019 15:00;Southampton;18;18;21;37;C Pawson;19;6;16;7;2;0;17;8;15;5;1;0;Sat
a;2;1;w;21.12.2019 15:00;Wolves;27;18;26;22;P Bankes;13;7;7;3;2;0;14;4;14;11;4;0;Sat
a;1;3;l;21.12.2019 17:30;Leicester;39;18;41;14;M Dean;23;12;14;6;2;0;5;2;9;1;2;0;Sat
h;3;1;w;21.12.2019 17:30;Man City;38;18;50;20;M Dean;23;12;14;6;2;0;5;2;9;1;2;0;Sat
a;0;2;l;22.12.2019 14:00;Man Utd;25;18;26;22;L Mason;11;3;16;3;3;0;17;8;11;5;1;0;Sun
h;2;0;w;22.12.2019 14:00;Watford;12;18;11;32;L Mason;11;3;16;3;3;0;17;8;11;5;1;0;Sun
a;2;0;w;22.12.2019 16:30;Chelsea;32;18;33;25;A Taylor;5;1;9;3;4;1;13;3;11;5;3;0;Sun
h;0;2;l;22.12.2019 16:30;Tottenham;26;18;32;26;A Taylor;5;1;9;3;4;1;13;3;11;5;3;0;Sun
a;1;2;l;26.12.2019 12:30;Brighton;20;19;22;28;G Scott;11;5;10;9;4;0;11;5;9;2;2;0;Thu
h;2;1;w;26.12.2019 12:30;Tottenham;29;19;34;27;G Scott;11;5;10;9;4;0;11;5;9;2;2;0;Thu
a;1;1;d;26.12.2019 15:00;Arsenal;24;19;25;28;S Attwell;12;4;5;8;4;0;17;2;13;3;4;0;Thu
h;1;0;w;26.12.2019 15:00;Aston Villa;18;19;25;33;C Kavanagh;11;2;15;5;2;0;16;6;12;8;3;0;Thu
h;1;1;d;26.12.2019 15:00;Bournemouth;20;19;20;26;S Attwell;12;4;5;8;4;0;17;2;13;3;4;0;Thu
a;0;1;l;26.12.2019 15:00;Burnley;24;19;23;30;A Taylor;21;5;15;10;0;0;6;0;14;2;0;0;Thu
h;0;2;l;26.12.2019 15:00;Chelsea;32;19;33;27;J Moss;10;3;10;8;3;0;5;3;9;1;2;0;Thu
h;2;1;w;26.12.2019 15:00;Crystal Palace;26;19;17;21;A Marriner;13;4;5;7;0;0;10;2;10;6;2;0;Thu
h;1;0;w;26.12.2019 15:00;Everton;22;19;21;29;A Taylor;21;5;15;10;0;0;6;0;14;2;0;0;Thu
a;0;1;l;26.12.2019 15:00;Norwich;12;19;19;38;C Kavanagh;11;2;15;5;2;0;16;6;12;8;3;0;Thu
h;1;1;d;26.12.2019 15:00;Sheffield United;29;19;23;17;D Coote;16;4;11;9;1;0;5;2;8;1;3;0;Thu
a;2;0;w;26.12.2019 15:00;Southampton;21;19;23;37;J Moss;10;3;10;8;3;0;5;3;9;1;2;0;Thu
a;1;1;d;26.12.2019 15:00;Watford;13;19;12;33;D Coote;16;4;11;9;1;0;5;2;8;1;3;0;Thu
a;1;2;l;26.12.2019 15:00;West Ham;19;18;20;30;A Marriner;13;4;5;7;0;0;10;2;10;6;2;0;Thu
h;4;1;w;26.12.2019 17:30;Man Utd;28;19;30;23;K Friend;22;10;10;5;2;0;7;2;7;0;2;0;Thu
a;1;4;l;26.12.2019 17:30;Newcastle United;25;19;19;28;K Friend;22;10;10;5;2;0;7;2;7;0;2;0;Thu
h;0;4;l;26.12.2019 20:00;Leicester;39;19;41;18;M Oliver;3;0;5;2;1;0;15;6;7;8;1;0;Thu
a;4;0;w;26.12.2019 20:00;Liverpool;52;18;46;14;M Oliver;3;0;5;2;1;0;15;6;7;8;1;0;Thu
a;2;3;l;27.12.2019 19:45;Man City;38;19;52;23;M Atkinson;20;8;7;3;0;0;7;3;13;1;1;1;Fri
h;3;2;w;27.12.2019 19:45;Wolves;30;19;29;24;M Atkinson;20;8;7;3;0;0;7;3;13;1;1;1;Fri
a;0;2;l;28.12.2019 12:30;Bournemouth;20;20;20;28;P Tierney;16;6;8;9;0;0;10;2;11;2;2;0;Sat
h;2;0;w;28.12.2019 12:30;Brighton;23;20;24;28;P Tierney;16;6;8;9;0;0;10;2;11;2;2;0;Sat
a;0;3;l;28.12.2019 15:00;Aston Villa;18;20;25;36;S Hooper;20;6;16;6;3;1;11;2;9;3;1;0;Sat
a;1;1;d;28.12.2019 15:00;Crystal Palace;27;20;18;22;A Madley;14;5;13;12;1;0;5;2;7;4;2;0;Sat
a;2;1;w;28.12.2019 15:00;Everton;25;20;23;30;L Mason;20;5;13;5;2;0;22;9;13;8;2;0;Sat
h;1;2;l;28.12.2019 15:00;Newcastle United;25;20;20;30;L Mason;20;5;13;5;2;0;22;9;13;8;2;0;Sat
h;1;1;d;28.12.2019 15:00;Southampton;22;20;24;38;A Madley;14;5;13;12;1;0;5;2;7;4;2;0;Sat
h;3;0;w;28.12.2019 15:00;Watford;16;20;15;33;S Hooper;20;6;16;6;3;1;11;2;9;3;1;0;Sat
a;2;1;w;28.12.2019 17:30;Leicester;42;20;43;19;D Coote;14;4;16;5;4;0;13;8;4;5;1;0;Sat
h;2;2;d;28.12.2019 17:30;Norwich;13;20;21;40;K Friend;5;2;12;4;3;0;15;7;10;6;3;0;Sat
a;2;2;d;28.12.2019 17:30;Tottenham;30;20;36;29;K Friend;5;2;12;4;3;0;15;7;10;6;3;0;Sat
h;1;2;l;28.12.2019 17:30;West Ham;19;19;21;32;D Coote;14;4;16;5;4;0;13;8;4;5;1;0;Sat
h;0;2;l;28.12.2019 19:45;Burnley;24;20;23;32;M Dean;8;1;17;5;4;0;14;5;10;4;3;0;Sat
a;2;0;w;28.12.2019 19:45;Man Utd;31;20;32;23;M Dean;8;1;17;5;4;0;14;5;10;4;3;0;Sat
h;1;2;l;29.12.2019 14:00;Arsenal;24;20;26;30;C Pawson;7;2;13;2;5;0;13;4;19;3;4;0;Sun
a;2;1;w;29.12.2019 14:00;Chelsea;35;20;35;28;C Pawson;7;2;13;2;5;0;13;4;19;3;4;0;Sun
h;1;0;w;29.12.2019 16:30;Liverpool;55;19;47;14;A Taylor;10;3;7;5;1;0;10;2;3;6;0;0;Sun
a;0;1;l;29.12.2019 16:30;Wolves;30;20;29;25;A Taylor;10;3;7;5;1;0;10;2;3;6;0;0;Sun
h;2;0;w;29.12.2019 18:00;Man City;41;20;54;23;C Kavanagh;16;4;5;8;1;0;8;0;6;5;1;0;Sun
a;0;2;l;29.12.2019 18:00;Sheffield United;29;20;23;19;C Kavanagh;16;4;5;8;1;0;8;0;6;5;1;0;Sun
a;2;1;w;01.01.2020 12:30;Aston Villa;21;21;27;37;M Oliver;20;1;12;8;1;0;11;6;10;4;1;0;Wed
h;1;1;d;01.01.2020 12:30;Brighton;24;21;25;29;S Attwell;16;5;8;5;2;0;16;5;15;3;3;0;Wed
h;1;2;l;01.01.2020 12:30;Burnley;24;21;24;34;M Oliver;20;1;12;8;1;0;11;6;10;4;1;0;Wed
a;1;1;d;01.01.2020 12:30;Chelsea;36;21;36;29;S Attwell;16;5;8;5;2;0;16;5;15;3;3;0;Wed
a;3;0;w;01.01.2020 15:00;Leicester;45;21;46;19;M Atkinson;5;2;8;4;1;0;17;10;12;5;1;0;Wed
h;0;3;l;01.01.2020 15:00;Newcastle United;25;21;20;33;M Atkinson;5;2;8;4;1;0;17;10;12;5;1;0;Wed
h;1;0;w;01.01.2020 15:00;Southampton;25;21;25;38;M Dean;12;3;21;6;3;0;11;5;8;9;4;0;Wed
a;0;1;l;01.01.2020 15:00;Tottenham;30;21;36;30;M Dean;12;3;21;6;3;0;11;5;8;9;4;0;Wed
h;2;1;w;01.01.2020 15:00;Watford;19;21;17;34;A Madley;9;3;12;4;3;1;16;4;6;7;1;0;Wed
a;1;2;l;01.01.2020 15:00;Wolves;30;21;30;27;A Madley;9;3;12;4;3;1;16;4;6;7;1;0;Wed
a;0;4;l;01.01.2020 17:30;Bournemouth;20;21;20;32;G Scott;14;7;3;9;1;0;3;2;12;2;2;0;Wed
a;1;1;d;01.01.2020 17:30;Crystal Palace;28;21;19;23;J Moss;15;4;12;2;5;0;12;3;9;5;0;0;Wed
a;1;2;l;01.01.2020 17:30;Everton;25;21;24;32;A Marriner;16;7;11;3;0;0;7;2;11;6;4;0;Wed
h;2;1;w;01.01.2020 17:30;Man City;44;21;56;24;A Marriner;16;7;11;3;0;0;7;2;11;6;4;0;Wed
h;1;1;d;01.01.2020 17:30;Norwich;14;21;22;41;J Moss;15;4;12;2;5;0;12;3;9;5;0;0;Wed
h;4;0;w;01.01.2020 17:30;West Ham;22;20;25;32;G Scott;14;7;3;9;1;0;3;2;12;2;2;0;Wed
h;2;0;w;01.01.2020 20:00;Arsenal;27;21;28;30;C Kavanagh;10;4;11;1;2;0;10;4;15;4;0;0;Wed
a;0;2;l;01.01.2020 20:00;Man Utd;31;21;32;25;C Kavanagh;10;4;11;1;2;0;10;4;15;4;0;0;Wed
h;2;0;w;02.01.2020 20:00;Liverpool;58;20;49;14;P Tierney;19;7;5;8;0;0;3;2;8;4;0;0;Thu
a;0;2;l;02.01.2020 20:00;Sheffield United;29;21;23;21;P Tierney;19;7;5;8;0;0;3;2;8;4;0;0;Thu
h;1;0;w;10.01.2020 20:00;Sheffield United;32;22;24;21;M Oliver;13;3;11;7;1;0;7;2;6;3;0;0;Fri
a;0;1;l;10.01.2020 20:00;West Ham;22;21;25;33;M Oliver;13;3;11;7;1;0;7;2;6;3;0;0;Fri
a;1;1;d;11.01.2020 12:30;Arsenal;28;22;29;31;P Tierney;6;3;14;1;2;0;7;4;22;4;3;1;Sat
h;1;1;d;11.01.2020 12:30;Crystal Palace;29;22;20;24;P Tierney;6;3;14;1;2;0;7;4;22;4;3;1;Sat
a;0;1;l;11.01.2020 15:00;Brighton;24;22;25;30;D Coote;14;6;7;4;2;0;9;2;7;3;1;0;Sat
a;0;3;l;11.01.2020 15:00;Burnley;24;22;24;37;K Friend;18;8;7;10;0;0;7;2;4;3;3;0;Sat
h;3;0;w;11.01.2020 15:00;Chelsea;39;22;39;29;K Friend;18;8;7;10;0;0;7;2;4;3;3;0;Sat
h;1;0;w;11.01.2020 15:00;Everton;28;22;25;32;D Coote;14;6;7;4;2;0;9;2;7;3;1;0;Sat
h;1;2;l;11.01.2020 15:00;Leicester;45;22;47;21;L Mason;5;5;9;2;0;0;16;10;17;4;3;0;Sat
h;4;0;w;11.01.2020 15:00;Man Utd;34;22;36;25;A Taylor;13;6;18;4;0;0;8;3;7;2;0;0;Sat
a;1;1;d;11.01.2020 15:00;Newcastle United;26;22;21;34;P Bankes;9;4;13;5;0;0;5;1;12;2;3;0;Sat
a;0;4;l;11.01.2020 15:00;Norwich;14;22;22;45;A Taylor;13;6;18;4;0;0;8;3;7;2;0;0;Sat
a;2;1;w;11.01.2020 15:00;Southampton;28;22;27;39;L Mason;5;5;9;2;0;0;16;10;17;4;3;0;Sat
h;1;1;d;11.01.2020 15:00;Wolves;31;22;31;28;P Bankes;9;4;13;5;0;0;5;1;12;2;3;0;Sat
a;1;0;w;11.01.2020 17:30;Liverpool;61;21;50;14;M Atkinson;14;4;4;4;0;0;13;7;8;3;2;0;Sat
h;0;1;l;11.01.2020 17:30;Tottenham;30;22;36;31;M Atkinson;14;4;4;4;0;0;13;7;8;3;2;0;Sat
h;0;3;l;12.01.2020 14:00;Bournemouth;20;22;20;35;M Dean;10;1;3;5;1;0;18;6;13;5;1;0;Sun
a;3;0;w;12.01.2020 14:00;Watford;22;22;20;34;M Dean;10;1;3;5;1;0;18;6;13;5;1;0;Sun
h;1;6;l;12.01.2020 16:30;Aston Villa;21;22;28;43;J Moss;7;1;5;2;2;0;22;12;12;4;1;0;Sun
a;6;1;w;12.01.2020 16:30;Man City;47;22;62;25;J Moss;7;1;5;2;2;0;22;12;12;4;1;0;Sun
a;0;0;d;18.01.2020 12:30;Tottenham;31;23;36;31;M Oliver;15;2;13;3;2;0;17;5;13;3;3;0;Sat
h;0;0;d;18.01.2020 12:30;Watford;23;23;20;34;M Oliver;15;2;13;3;2;0;17;5;13;3;3;0;Sat
h;1;1;d;18.01.2020 15:00;Arsenal;29;23;30;32;M Dean;11;4;9;4;1;0;12;4;13;5;2;0;Sat
a;1;1;d;18.01.2020 15:00;Aston Villa;22;23;29;44;A Madley;10;2;11;3;3;0;8;3;13;4;3;0;Sat
a;0;1;l;18.01.2020 15:00;Bournemouth;20;23;20;36;P Tierney;16;5;10;4;2;1;6;3;10;5;2;1;Sat
h;1;1;d;18.01.2020 15:00;Brighton;25;23;26;31;A Madley;10;2;11;3;3;0;8;3;13;4;3;0;Sat
a;2;2;d;18.01.2020 15:00;Crystal Palace;30;23;22;26;S Scott;25;6;9;14;1;0;5;3;7;2;2;0;Sat
a;1;1;d;18.01.2020 15:00;Everton;29;23;26;33;A Marriner;12;6;11;7;1;0;11;3;13;6;0;0;Sat
h;2;2;d;18.01.2020 15:00;Man City;48;23;64;27;S Scott;25;6;9;14;1;0;5;3;7;2;2;0;Sat
h;1;0;w;18.01.2020 15:00;Norwich;17;23;23;45;P Tierney;16;5;10;4;2;1;6;3;10;5;2;1;Sat
a;1;1;d;18.01.2020 15:00;Sheffield United;33;23;25;22;M Dean;11;4;9;4;1;0;12;4;13;5;2;0;Sat
h;2;3;l;18.01.2020 15:00;Southampton;28;23;29;42;D England;11;5;13;1;2;0;8;4;12;3;1;0;Sat
h;1;1;d;18.01.2020 15:00;West Ham;23;22;26;34;A Marriner;12;6;11;7;1;0;11;3;13;6;0;0;Sat
a;3;2;w;18.01.2020 15:00;Wolves;34;23;34;30;D England;11;5;13;1;2;0;8;4;12;3;1;0;Sat
a;0;1;l;18.01.2020 17:30;Chelsea;39;23;39;30;C Kavanagh;7;2;9;1;1;0;19;4;14;10;1;0;Sat
h;1;0;w;18.01.2020 17:30;Newcastle United;29;23;22;34;C Kavanagh;7;2;9;1;1;0;19;4;14;10;1;0;Sat
h;2;1;w;19.01.2020 14:00;Burnley;27;23;26;38;A Taylor;8;5;14;4;1;0;18;8;8;5;0;0;Sun
a;1;2;l;19.01.2020 14:00;Leicester;45;23;48;23;A Taylor;8;5;14;4;1;0;18;8;8;5;0;0;Sun
h;2;0;w;19.01.2020 16:30;Liverpool;64;22;52;14;C Pawson;16;5;7;11;1;0;9;4;10;5;3;0;Sun
a;0;2;l;19.01.2020 16:30;Man Utd;34;23;36;27;C Pawson;16;5;7;11;1;0;9;4;10;5;3;0;Sun
h;2;1;w;21.01.2020 19:30;Aston Villa;25;24;31;45;M Atkinson;16;5;11;6;2;0;8;2;18;3;2;0;Tue
h;3;1;w;21.01.2020 19:30;Bournemouth;23;24;23;37;K Friend;11;3;9;5;1;0;21;8;12;8;1;0;Tue
a;1;3;l;21.01.2020 19:30;Brighton;25;24;27;34;K Friend;11;3;9;5;1;0;21;8;12;8;1;0;Tue
h;0;2;l;21.01.2020 19:30;Crystal Palace;30;24;22;28;A Marriner;6;0;12;0;1;0;15;6;13;8;2;0;Tue
h;2;2;d;21.01.2020 19:30;Everton;30;24;28;35;S Hooper;17;8;13;6;1;0;8;2;10;4;1;0;Tue
a;1;0;w;21.01.2020 19:30;Man City;51;24;65;27;L Mason;4;1;13;5;4;0;18;5;13;13;3;0;Tue
a;2;2;d;21.01.2020 19:30;Newcastle United;30;24;24;36;S Hooper;17;8;13;6;1;0;8;2;10;4;1;0;Tue
h;0;1;l;21.01.2020 19:30;Sheffield United;33;24;25;23;L Mason;4;1;13;5;4;0;18;5;13;13;3;0;Tue
a;2;0;w;21.01.2020 19:30;Southampton;31;24;31;42;A Marriner;6;0;12;0;1;0;15;6;13;8;2;0;Tue
a;1;2;l;21.01.2020 19:30;Watford;23;24;21;36;M Atkinson;16;5;11;6;2;0;8;2;18;3;2;0;Tue
a;2;2;d;21.01.2020 20:15;Arsenal;30;24;32;34;S Attwell;19;8;11;17;2;0;2;2;6;5;1;1;Tue
h;2;2;d;21.01.2020 20:15;Chelsea;40;24;41;32;S Attwell;19;8;11;17;2;0;2;2;6;5;1;1;Tue
h;4;1;w;22.01.2020 19:30;Leicester;48;24;52;24;D Coote;19;8;10;7;1;0;6;2;19;8;1;0;Wed
a;1;2;l;22.01.2020 19:30;Norwich;17;24;24;47;C Kavanagh;14;3;12;7;0;0;12;2;7;3;1;0;Wed
h;2;1;w;22.01.2020 19:30;Tottenham;34;24;38;32;C Kavanagh;14;3;12;7;0;0;12;2;7;3;1;0;Wed
a;1;4;l;22.01.2020 19:30;West Ham;23;23;27;38;D Coote;19;8;10;7;1;0;6;2;19;8;1;0;Wed
a;2;0;w;22.01.2020 20:15;Burnley;30;24;28;38;J Moss;24;7;11;5;0;0;5;2;7;2;2;0;Wed
h;0;2;l;22.01.2020 20:15;Man Utd;34;24;36;29;J Moss;24;7;11;5;0;0;5;2;7;2;2;0;Wed
a;2;1;w;23.01.2020 20:00;Liverpool;67;23;54;15;M Oliver;10;3;6;2;0;0;13;6;11;4;1;0;Thu
h;1;2;l;23.01.2020 20:00;Wolves;34;24;35;32;M Oliver;10;3;6;2;0;0;13;6;11;4;1;0;Thu
a;2;0;w;29.01.2020 19:45;Liverpool;70;24;56;15;J Moss;7;4;6;3;2;0;13;5;6;7;0;0;Wed
h;0;2;l;29.01.2020 19:45;West Ham;23;24;27;40;J Moss;7;4;6;3;2;0;13;5;6;7;0;0;Wed
a;2;2;d;01.02.2020 12:30;Chelsea;41;25;43;34;L Mason;14;4;16;4;2;0;7;3;14;6;2;0;Sat
h;2;2;d;01.02.2020 12:30;Leicester;49;25;54;26;L Mason;14;4;16;4;2;0;7;3;14;6;2;0;Sat
a;1;2;l;01.02.2020 15:00;Aston Villa;25;25;32;47;A Taylor;16;6;10;1;1;1;18;5;15;8;3;0;Sat
h;2;1;w;01.02.2020 15:00;Bournemouth;26;25;25;38;A Taylor;16;6;10;1;1;1;18;5;15;8;3;0;Sat
a;3;3;d;01.02.2020 15:00;Brighton;26;25;30;37;M Oliver;12;6;8;4;1;0;19;6;9;6;1;0;Sat
h;0;1;l;01.02.2020 15:00;Crystal Palace;30;25;22;29;A Madley;13;3;9;9;3;0;10;3;15;5;2;0;Sat
a;3;2;w;01.02.2020 15:00;Everton;33;25;31;37;C Pawson;11;2;17;4;2;0;12;5;14;4;2;1;Sat
h;4;0;w;01.02.2020 15:00;Liverpool;73;25;60;15;K Friend;16;9;9;6;0;0;17;4;15;11;2;0;Sat
h;0;0;d;01.02.2020 15:00;Newcastle United;31;25;24;36;M Atkinson;15;5;10;8;2;0;19;4;15;12;1;0;Sat
a;0;0;d;01.02.2020 15:00;Norwich;18;25;24;47;M Atkinson;15;5;10;8;2;0;19;4;15;12;1;0;Sat
a;1;0;w;01.02.2020 15:00;Sheffield United;36;25;26;23;A Madley;13;3;9;9;3;0;10;3;15;5;2;0;Sat
a;0;4;l;01.02.2020 15:00;Southampton;31;25;31;46;K Friend;16;9;9;6;0;0;17;4;15;11;2;0;Sat
h;2;3;l;01.02.2020 15:00;Watford;23;25;23;39;C Pawson;11;2;17;4;2;0;12;5;14;4;2;1;Sat
h;3;3;d;01.02.2020 15:00;West Ham;24;25;30;43;M Oliver;12;6;8;4;1;0;19;6;9;6;1;0;Sat
h;0;0;d;01.02.2020 17:30;Man Utd;35;25;36;29;P Tierney;15;5;14;4;3;0;14;3;15;6;2;0;Sat
a;0;0;d;01.02.2020 17:30;Wolves;35;25;35;32;P Tierney;15;5;14;4;3;0;14;3;15;6;2;0;Sat
a;0;0;d;02.02.2020 14:00;Arsenal;31;25;32;34;C Kavanagh;15;2;8;5;1;0;13;2;11;7;3;0;Sun
h;0;0;d;02.02.2020 14:00;Burnley;31;25;28;38;C Kavanagh;15;2;8;5;1;0;13;2;11;7;3;0;Sun
a;0;2;l;02.02.2020 16:30;Man City;51;25;65;29;M Dean;3;3;8;2;2;0;18;5;14;6;3;1;Sun
h;2;0;w;02.02.2020 16:30;Tottenham;37;25;40;32;M Dean;3;3;8;2;2;0;18;5;14;6;3;1;Sun
a;1;3;l;08.02.2020 12:30;Crystal Palace;30;26;23;32;D Coote;14;8;11;4;0;0;10;2;12;6;1;0;Sat
h;3;1;w;08.02.2020 12:30;Everton;36;26;34;38;D Coote;14;8;11;4;0;0;10;2;12;6;1;0;Sat
h;1;1;d;08.02.2020 17:30;Brighton;27;26;31;38;K Friend;10;2;9;3;2;0;5;2;12;2;2;0;Sat
a;1;1;d;08.02.2020 17:30;Watford;24;26;24;40;K Friend;10;2;9;3;2;0;5;2;12;2;2;0;Sat
a;1;2;l;09.02.2020 14:00;Bournemouth;26;26;26;40;J Moss;16;6;10;8;2;0;10;2;8;4;2;0;Sun
h;2;1;w;09.02.2020 14:00;Sheffield United;39;26;28;24;J Moss;16;6;10;8;2;0;10;2;8;4;2;0;Sun
a;0;0;d;14.02.2020 20:00;Leicester;50;26;54;26;M Dean;15;3;13;7;2;0;9;3;10;0;2;1;Fri
h;0;0;d;14.02.2020 20:00;Wolves;36;26;35;32;M Dean;15;3;13;7;2;0;9;3;10;0;2;1;Fri
a;2;1;w;15.02.2020 12:30;Burnley;34;26;30;39;S Hooper;10;2;8;4;2;0;9;6;11;3;2;0;Sat
h;1;2;l;15.02.2020 12:30;Southampton;31;26;32;48;S Hooper;10;2;8;4;2;0;9;6;11;3;2;0;Sat
a;1;0;w;15.02.2020 17:30;Liverpool;76;26;61;15;S Attwell;5;1;5;2;1;0;17;6;11;7;2;0;Sat
h;0;1;l;15.02.2020 17:30;Norwich;18;26;24;48;S Attwell;5;1;5;2;1;0;17;6;11;7;2;0;Sat
h;2;3;l;16.02.2020 14:00;Aston Villa;25;26;34;50;M Atkinson;18;4;12;12;2;0;23;10;10;7;0;0;Sun
a;3;2;w;16.02.2020 14:00;Tottenham;40;26;43;34;M Atkinson;18;4;12;12;2;0;23;10;10;7;0;0;Sun
h;4;0;w;16.02.2020 16:30;Arsenal;34;26;36;34;L Mason;15;7;15;5;2;0;10;2;9;6;0;0;Sun
a;0;4;l;16.02.2020 16:30;Newcastle United;31;26;24;40;L Mason;15;7;15;5;2;0;10;2;9;6;0;0;Sun
h;0;2;l;17.02.2020 20:00;Chelsea;41;26;43;36;A Taylor;17;1;11;9;4;0;9;3;11;8;3;0;Mon
a;2;0;w;17.02.2020 20:00;Man Utd;38;26;38;29;A Taylor;17;1;11;9;4;0;9;3;11;8;3;0;Mon
h;2;0;w;19.02.2020 19:30;Man City;54;26;67;29;K Friend;20;7;5;6;0;0;3;0;7;1;1;0;Wed
a;0;2;l;19.02.2020 19:30;West Ham;24;26;30;45;K Friend;20;7;5;6;0;0;3;0;7;1;1;0;Wed
h;2;1;w;22.02.2020 12:30;Chelsea;44;27;45;37;M Oliver;17;7;14;3;1;0;5;3;14;5;2;0;Sat
a;1;2;l;22.02.2020 12:30;Tottenham;40;27;44;36;M Oliver;17;7;14;3;1;0;5;3;14;5;2;0;Sat
a;0;2;l;22.02.2020 15:00;Aston Villa;25;27;34;52;C Pawson;28;9;13;9;1;0;4;1;17;6;4;0;Sat
a;0;3;l;22.02.2020 15:00;Bournemouth;26;27;26;43;M Dean;16;10;9;7;4;0;12;4;9;3;3;0;Sat
a;1;1;d;22.02.2020 15:00;Brighton;28;27;32;39;G Scott;14;3;3;12;0;0;8;2;6;2;2;0;Sat
h;3;0;w;22.02.2020 15:00;Burnley;37;27;33;39;M Dean;16;10;9;7;4;0;12;4;9;3;3;0;Sat
h;1;0;w;22.02.2020 15:00;Crystal Palace;33;27;24;32;P Bankes;18;9;15;7;2;0;8;2;11;5;6;1;Sat
a;0;1;l;22.02.2020 15:00;Newcastle United;31;27;24;41;P Bankes;18;9;15;7;2;0;8;2;11;5;6;1;Sat
h;1;1;d;22.02.2020 15:00;Sheffield United;40;27;29;25;G Scott;14;3;3;12;0;0;8;2;6;2;2;0;Sat
h;2;0;w;22.02.2020 15:00;Southampton;34;27;34;48;C Pawson;28;9;13;9;1;0;4;1;17;6;4;0;Sat
h;0;1;l;22.02.2020 17:30;Leicester;50;27;54;27;P Tierney;10;3;14;3;0;0;18;7;10;7;0;0;Sat
a;1;0;w;22.02.2020 17:30;Man City;57;27;68;29;P Tierney;10;3;14;3;0;0;18;7;10;7;0;0;Sat
h;3;0;w;23.02.2020 14:00;Man Utd;41;27;41;29;M Atkinson;21;9;6;3;0;0;7;2;15;5;1;0;Sun
a;0;3;l;23.02.2020 14:00;Norwich;18;27;24;51;C Kavanagh;19;6;11;4;2;0;6;4;6;1;3;0;Sun
a;0;3;l;23.02.2020 14:00;Watford;24;27;24;43;M Atkinson;21;9;6;3;0;0;7;2;15;5;1;0;Sun
h;3;0;w;23.02.2020 14:00;Wolves;39;27;38;32;C Kavanagh;19;6;11;4;2;0;6;4;6;1;3;0;Sun
h;3;2;w;23.02.2020 16:30;Arsenal;37;27;39;36;S Attwell;9;4;12;6;0;0;17;5;12;3;4;0;Sun
a;2;3;l;23.02.2020 16:30;Everton;36;27;36;41;S Attwell;9;4;12;6;0;0;17;5;12;3;4;0;Sun
h;3;2;w;24.02.2020 20:00;Liverpool;79;27;64;17;J Moss;25;7;4;16;0;0;7;4;10;8;3;0;Mon
a;2;3;l;24.02.2020 20:00;West Ham;24;27;32;48;J Moss;25;7;4;16;0;0;7;4;10;8;3;0;Mon
a;0;1;l;28.02.2020 20:00;Leicester;50;28;54;28;C Pawson;11;6;13;6;1;0;19;4;16;7;2;0;Fri
h;1;0;w;28.02.2020 20:00;Norwich;21;28;25;51;C Pawson;11;6;13;6;1;0;19;4;16;7;2;0;Fri
h;0;1;l;29.02.2020 12:30;Brighton;28;28;32;40;M Atkinson;24;8;8;8;1;0;12;3;9;7;1;0;Sat
a;1;0;w;29.02.2020 12:30;Crystal Palace;36;28;25;32;M Atkinson;24;8;8;8;1;0;12;3;9;7;1;0;Sat
h;2;2;d;29.02.2020 15:00;Bournemouth;27;28;28;45;A Marriner;9;5;8;4;2;0;23;6;5;14;2;0;Sat
a;0;0;d;29.02.2020 15:00;Burnley;38;28;33;39;A Madley;21;4;11;11;4;0;8;1;9;7;3;0;Sat
a;2;2;d;29.02.2020 15:00;Chelsea;45;28;47;39;A Marriner;9;5;8;4;2;0;23;6;5;14;2;0;Sat
h;0;0;d;29.02.2020 15:00;Newcastle United;32;28;24;41;A Madley;21;4;11;11;4;0;8;1;9;7;3;0;Sat
a;1;3;l;29.02.2020 15:00;Southampton;34;28;35;51;A Taylor;14;7;8;4;1;0;10;2;11;9;1;0;Sat
h;3;1;w;29.02.2020 15:00;West Ham;27;28;35;49;A Taylor;14;7;8;4;1;0;10;2;11;9;1;0;Sat
a;0;3;l;29.02.2020 17:30;Liverpool;79;28;64;20;M Oliver;14;5;4;3;0;0;7;1;8;5;0;0;Sat
h;3;0;w;29.02.2020 17:30;Watford;27;28;27;43;M Oliver;14;5;4;3;0;0;7;1;8;5;0;0;Sat
h;1;1;d;01.03.2020 14:00;Everton;37;28;37;42;C Kavanagh;16;5;11;13;3;0;14;5;11;8;4;0;Sun
a;1;1;d;01.03.2020 14:00;Man Utd;42;28;42;30;C Kavanagh;16;5;11;13;3;0;14;5;11;8;4;0;Sun
h;2;3;l;01.03.2020 14:00;Tottenham;40;28;46;39;S Attwell;13;5;12;4;3;0;14;4;14;5;2;0;Sun
a;3;2;w;01.03.2020 14:00;Wolves;42;28;41;34;S Attwell;13;5;12;4;3;0;14;4;14;5;2;0;Sun
a;1;2;l;07.03.2020 12:30;Bournemouth;27;29;29;47;P Tierney;14;6;10;9;0;0;6;4;12;4;1;0;Sat
h;2;1;w;07.03.2020 12:30;Liverpool;82;29;66;21;P Tierney;14;6;10;9;0;0;6;4;12;4;1;0;Sat
h;1;0;w;07.03.2020 15:00;Arsenal;40;28;40;36;M Atkinson;9;2;11;6;1;0;14;6;9;7;2;0;Sat
a;0;0;d;07.03.2020 15:00;Brighton;29;29;32;40;A Marriner;11;1;4;2;1;0;7;1;7;0;3;0;Sat
h;1;0;w;07.03.2020 15:00;Crystal Palace;39;29;26;32;A Taylor;10;3;12;8;4;0;10;4;19;8;4;0;Sat
a;1;0;w;07.03.2020 15:00;Newcastle United;35;29;25;41;G Scott;6;3;14;5;0;1;14;7;15;8;3;0;Sat
a;0;1;l;07.03.2020 15:00;Norwich;21;29;25;52;S Hooper;10;4;12;10;0;0;12;5;8;5;0;0;Sat
h;1;0;w;07.03.2020 15:00;Sheffield United;43;28;30;25;S Hooper;10;4;12;10;0;0;12;5;8;5;0;0;Sat
h;0;1;l;07.03.2020 15:00;Southampton;34;29;35;52;G Scott;6;3;14;5;0;1;14;7;15;8;3;0;Sat
a;0;1;l;07.03.2020 15:00;Watford;27;29;27;44;A Taylor;10;3;12;8;4;0;10;4;19;8;4;0;Sat
a;0;1;l;07.03.2020 15:00;West Ham;27;29;35;50;M Atkinson;9;2;11;6;1;0;14;6;9;7;2;0;Sat
h;0;0;d;07.03.2020 15:00;Wolves;43;29;41;34;A Marriner;11;1;4;2;1;0;7;1;7;0;3;0;Sat
h;1;1;d;07.03.2020 17:30;Burnley;39;29;34;40;J Moss;21;8;16;3;5;0;13;2;11;5;4;0;Sat
a;1;1;d;07.03.2020 17:30;Tottenham;41;29;47;40;J Moss;21;8;16;3;5;0;13;2;11;5;4;0;Sat
h;4;0;w;08.03.2020 14:00;Chelsea;48;29;51;39;K Friend;17;11;8;6;1;0;3;1;10;1;2;0;Sun
a;0;4;l;08.03.2020 14:00;Everton;37;29;37;46;K Friend;17;11;8;6;1;0;3;1;10;1;2;0;Sun
a;0;2;l;08.03.2020 16:30;Man City;57;28;68;31;M Dean;12;6;11;2;2;0;7;2;9;11;4;0;Sun
h;2;0;w;08.03.2020 16:30;Man Utd;45;29;44;30;M Dean;12;6;11;2;2;0;7;2;9;11;4;0;Sun
a;0;4;l;09.03.2020 20:00;Aston Villa;25;28;34;56;M Oliver;15;7;15;9;2;0;4;1;12;0;1;0;Mon
h;4;0;w;09.03.2020 20:00;Leicester;53;29;58;28;M Oliver;15;7;15;9;2;0;4;1;12;0;1;0;Mon
